# Card images MarvelCDB does not publish, fetched from Hall of Heroes (hallofheroeslcg.com) on 2026-09-19.
# Saved as bundles/cards/<code>.png, scaled to a 419px long edge to match the MarvelCDB scans.
code	pack	name	source_page	image_url
40070a	next_evol	Arclight	https://hallofheroeslcg.com/next-evolution/	https://hallofheroeslcg.com/wp-content/uploads/2023/08/40070a.jpg
40070b	next_evol	Arclight	https://hallofheroeslcg.com/next-evolution/	https://hallofheroeslcg.com/wp-content/uploads/2023/08/40070b.jpg
40071a	next_evol	Blockbuster	https://hallofheroeslcg.com/next-evolution/	https://hallofheroeslcg.com/wp-content/uploads/2023/08/40071a.jpg
40071b	next_evol	Blockbuster	https://hallofheroeslcg.com/next-evolution/	https://hallofheroeslcg.com/wp-content/uploads/2023/08/40071b.jpg
40072a	next_evol	Chimera	https://hallofheroeslcg.com/next-evolution/	https://hallofheroeslcg.com/wp-content/uploads/2023/08/40072a.jpg
40072b	next_evol	Chimera	https://hallofheroeslcg.com/next-evolution/	https://hallofheroeslcg.com/wp-content/uploads/2023/08/40072b.jpg
40073a	next_evol	Greycrow	https://hallofheroeslcg.com/next-evolution/	https://hallofheroeslcg.com/wp-content/uploads/2023/08/40073a.jpg
40073b	next_evol	Greycrow	https://hallofheroeslcg.com/next-evolution/	https://hallofheroeslcg.com/wp-content/uploads/2023/08/40073b.jpg
40074a	next_evol	Harpoon	https://hallofheroeslcg.com/next-evolution/	https://hallofheroeslcg.com/wp-content/uploads/2023/08/40074a.jpg
40074b	next_evol	Harpoon	https://hallofheroeslcg.com/next-evolution/	https://hallofheroeslcg.com/wp-content/uploads/2023/08/40074b.jpg
40075a	next_evol	Riptide	https://hallofheroeslcg.com/next-evolution/	https://hallofheroeslcg.com/wp-content/uploads/2023/08/40075a.jpg
40075b	next_evol	Riptide	https://hallofheroeslcg.com/next-evolution/	https://hallofheroeslcg.com/wp-content/uploads/2023/08/40075b.jpg
40076a	next_evol	Vertigo	https://hallofheroeslcg.com/next-evolution/	https://hallofheroeslcg.com/wp-content/uploads/2023/08/40076a.jpg
40076b	next_evol	Vertigo	https://hallofheroeslcg.com/next-evolution/	https://hallofheroeslcg.com/wp-content/uploads/2023/08/40076b.jpg
40081a	next_evol	Routed	https://hallofheroeslcg.com/next-evolution/	https://hallofheroeslcg.com/wp-content/uploads/2023/08/40081a.jpg
40081b	next_evol	Routed	https://hallofheroeslcg.com/next-evolution/	https://hallofheroeslcg.com/wp-content/uploads/2023/08/40081b.jpg
40105a	next_evol	Hope's Captor	https://hallofheroeslcg.com/next-evolution/	https://hallofheroeslcg.com/wp-content/uploads/2023/08/40105a.jpg
40105b	next_evol	Hope's Captor	https://hallofheroeslcg.com/next-evolution/	https://hallofheroeslcg.com/wp-content/uploads/2023/08/40105b.jpg
40122a	next_evol	Juggernaut's Helmet	https://hallofheroeslcg.com/next-evolution/	https://hallofheroeslcg.com/wp-content/uploads/2023/08/40122a.jpg
40122b	next_evol	Juggernaut Exposed	https://hallofheroeslcg.com/next-evolution/	https://hallofheroeslcg.com/wp-content/uploads/2023/08/40122b.jpg
40139a	next_evol	Sinister Intent	https://hallofheroeslcg.com/next-evolution/	https://hallofheroeslcg.com/wp-content/uploads/2023/08/40139a.jpg
40139b	next_evol	Sinister Intent	https://hallofheroeslcg.com/next-evolution/	https://hallofheroeslcg.com/wp-content/uploads/2023/08/40139b.jpg
40140a	next_evol	Taking Off	https://hallofheroeslcg.com/next-evolution/	https://hallofheroeslcg.com/wp-content/uploads/2023/08/40140a.jpg
40140b	next_evol	Taking Off	https://hallofheroeslcg.com/next-evolution/	https://hallofheroeslcg.com/wp-content/uploads/2023/08/40140b.jpg
40141a	next_evol	Bulking Up	https://hallofheroeslcg.com/next-evolution/	https://hallofheroeslcg.com/wp-content/uploads/2023/08/40141a.jpg
40141b	next_evol	Bulking Up	https://hallofheroeslcg.com/next-evolution/	https://hallofheroeslcg.com/wp-content/uploads/2023/08/40141b.jpg
40142a	next_evol	Focusing In	https://hallofheroeslcg.com/next-evolution/	https://hallofheroeslcg.com/wp-content/uploads/2023/08/40142a.jpg
40142b	next_evol	Focusing In	https://hallofheroeslcg.com/next-evolution/	https://hallofheroeslcg.com/wp-content/uploads/2023/08/40142b.jpg
40143a	next_evol	Sinister Ends	https://hallofheroeslcg.com/next-evolution/	https://hallofheroeslcg.com/wp-content/uploads/2023/08/40143a.jpg
40143b	next_evol	Sinister Ends	https://hallofheroeslcg.com/next-evolution/	https://hallofheroeslcg.com/wp-content/uploads/2023/08/40143b.jpg
40168a	next_evol	Stryfe's Grasp	https://hallofheroeslcg.com/next-evolution/	https://hallofheroeslcg.com/wp-content/uploads/2023/08/40168a.jpg
40168b	next_evol	Living Bomb	https://hallofheroeslcg.com/next-evolution/	https://hallofheroeslcg.com/wp-content/uploads/2023/08/40168b.jpg
40190a	next_evol	Assemble the Team	https://hallofheroeslcg.com/next-evolution/	https://hallofheroeslcg.com/wp-content/uploads/2023/08/40190a.jpg
40190b	next_evol	Team Assembled	https://hallofheroeslcg.com/next-evolution/	https://hallofheroeslcg.com/wp-content/uploads/2023/08/40190b.jpg
40191a	next_evol	Establish Safehouse	https://hallofheroeslcg.com/next-evolution/	https://hallofheroeslcg.com/wp-content/uploads/2023/08/40191a.jpg
40191b	next_evol	Safehouse Established	https://hallofheroeslcg.com/next-evolution/	https://hallofheroeslcg.com/wp-content/uploads/2023/08/40191b.jpg
40192a	next_evol	Gear Up	https://hallofheroeslcg.com/next-evolution/	https://hallofheroeslcg.com/wp-content/uploads/2023/08/40192a.jpg
40192b	next_evol	Geared Up	https://hallofheroeslcg.com/next-evolution/	https://hallofheroeslcg.com/wp-content/uploads/2023/08/40192b.jpg
40193a	next_evol	Mission Prep	https://hallofheroeslcg.com/next-evolution/	https://hallofheroeslcg.com/wp-content/uploads/2023/08/40193a.jpg
40193b	next_evol	Mission Prepped	https://hallofheroeslcg.com/next-evolution/	https://hallofheroeslcg.com/wp-content/uploads/2023/08/40193b.jpg
40194a	next_evol	Practice Maneuvers	https://hallofheroeslcg.com/next-evolution/	https://hallofheroeslcg.com/wp-content/uploads/2023/08/40194a.jpg
40194b	next_evol	Practiced Maneuvers	https://hallofheroeslcg.com/next-evolution/	https://hallofheroeslcg.com/wp-content/uploads/2023/08/40194b.jpg
40195a	next_evol	Prepare Defenses	https://hallofheroeslcg.com/next-evolution/	https://hallofheroeslcg.com/wp-content/uploads/2023/08/40195a.jpg
40195b	next_evol	Prepared Defenses	https://hallofheroeslcg.com/next-evolution/	https://hallofheroeslcg.com/wp-content/uploads/2023/08/40195b.jpg
41002a	psylocke	Psi-Knife	https://hallofheroeslcg.com/psylocke-betsy-braddock/	https://hallofheroeslcg.com/wp-content/uploads/2023/10/41002a.jpg
41002b	psylocke	Psi-Katana	https://hallofheroeslcg.com/psylocke-betsy-braddock/	https://hallofheroeslcg.com/wp-content/uploads/2023/10/41002b.jpg
45075a	aoa	Pursued by the Past	https://hallofheroeslcg.com/the-age-of-apocalypse/	https://hallofheroeslcg.com/wp-content/uploads/2024/04/45075a.jpg
45075b	aoa	Pursued by the Past	https://hallofheroeslcg.com/the-age-of-apocalypse/	https://hallofheroeslcg.com/wp-content/uploads/2024/04/45075b.jpg
45081a	aoa	War	https://hallofheroeslcg.com/the-age-of-apocalypse/	https://hallofheroeslcg.com/wp-content/uploads/2024/04/45081a.jpg
45081b	aoa	War	https://hallofheroeslcg.com/the-age-of-apocalypse/	https://hallofheroeslcg.com/wp-content/uploads/2024/04/45081b.jpg
45082a	aoa	Famine	https://hallofheroeslcg.com/the-age-of-apocalypse/	https://hallofheroeslcg.com/wp-content/uploads/2024/04/45082a.jpg
45082b	aoa	Famine	https://hallofheroeslcg.com/the-age-of-apocalypse/	https://hallofheroeslcg.com/wp-content/uploads/2024/04/45082b.jpg
45083a	aoa	Pestilence	https://hallofheroeslcg.com/the-age-of-apocalypse/	https://hallofheroeslcg.com/wp-content/uploads/2024/04/45083a.jpg
45083b	aoa	Pestilence	https://hallofheroeslcg.com/the-age-of-apocalypse/	https://hallofheroeslcg.com/wp-content/uploads/2024/04/45083b.jpg
45084a	aoa	Death	https://hallofheroeslcg.com/the-age-of-apocalypse/	https://hallofheroeslcg.com/wp-content/uploads/2024/04/45084a.jpg
45084b	aoa	Death	https://hallofheroeslcg.com/the-age-of-apocalypse/	https://hallofheroeslcg.com/wp-content/uploads/2024/04/45084b.jpg
45101a	aoa	Apocalypse	https://hallofheroeslcg.com/the-age-of-apocalypse/	https://hallofheroeslcg.com/wp-content/uploads/2024/04/45101a.jpg
45101b	aoa	Apocalypse	https://hallofheroeslcg.com/the-age-of-apocalypse/	https://hallofheroeslcg.com/wp-content/uploads/2024/04/45101b.jpg
45102a	aoa	Apocalypse	https://hallofheroeslcg.com/the-age-of-apocalypse/	https://hallofheroeslcg.com/wp-content/uploads/2024/04/45102a.jpg
45102b	aoa	Apocalypse	https://hallofheroeslcg.com/the-age-of-apocalypse/	https://hallofheroeslcg.com/wp-content/uploads/2024/04/45102b.jpg
45104a	aoa	Heart of the Empire	https://hallofheroeslcg.com/the-age-of-apocalypse/	https://hallofheroeslcg.com/wp-content/uploads/2024/04/45104a.jpg
45105a	aoa	The Tyrant's Throne	https://hallofheroeslcg.com/the-age-of-apocalypse/	https://hallofheroeslcg.com/wp-content/uploads/2024/04/45105a.jpg
45105b	aoa	No Longer Worthy	https://hallofheroeslcg.com/the-age-of-apocalypse/	https://hallofheroeslcg.com/wp-content/uploads/2024/04/45105b.jpg
45166a	aoa	Liberate the Seattle Core	https://hallofheroeslcg.com/the-age-of-apocalypse/	https://hallofheroeslcg.com/wp-content/uploads/2024/04/45166a.jpg
45166b	aoa	Liberate the Seattle Core	https://hallofheroeslcg.com/the-age-of-apocalypse/	https://hallofheroeslcg.com/wp-content/uploads/2024/04/45166b.jpg
45167a	aoa	Evacuate Survivors	https://hallofheroeslcg.com/the-age-of-apocalypse/	https://hallofheroeslcg.com/wp-content/uploads/2024/04/45167a.jpg
45167b	aoa	Evacuate Survivors	https://hallofheroeslcg.com/the-age-of-apocalypse/	https://hallofheroeslcg.com/wp-content/uploads/2024/04/45167b.jpg
45168a	aoa	Sabotage the Sea Wall	https://hallofheroeslcg.com/the-age-of-apocalypse/	https://hallofheroeslcg.com/wp-content/uploads/2024/04/45168a.jpg
45168b	aoa	Sabotage the Sea Wall	https://hallofheroeslcg.com/the-age-of-apocalypse/	https://hallofheroeslcg.com/wp-content/uploads/2024/04/45168b.jpg
45169a	aoa	Find Lost Mutants	https://hallofheroeslcg.com/the-age-of-apocalypse/	https://hallofheroeslcg.com/wp-content/uploads/2024/04/45169a.jpg
45169b	aoa	Find Lost Mutants	https://hallofheroeslcg.com/the-age-of-apocalypse/	https://hallofheroeslcg.com/wp-content/uploads/2024/04/45169b.jpg
45170a	aoa	Protect the Professor	https://hallofheroeslcg.com/the-age-of-apocalypse/	https://hallofheroeslcg.com/wp-content/uploads/2024/04/45170a.jpg
45170b	aoa	Protect the Professor	https://hallofheroeslcg.com/the-age-of-apocalypse/	https://hallofheroeslcg.com/wp-content/uploads/2024/04/45170b.jpg
45171a	aoa	Mission Team	https://hallofheroeslcg.com/the-age-of-apocalypse/	https://hallofheroeslcg.com/wp-content/uploads/2024/04/45171a.jpg
45171b	aoa	Mission Team	https://hallofheroeslcg.com/the-age-of-apocalypse/	https://hallofheroeslcg.com/wp-content/uploads/2024/04/45171b.jpg
45179a	aoa	Mister Sinister	https://hallofheroeslcg.com/the-age-of-apocalypse/	https://hallofheroeslcg.com/wp-content/uploads/2024/04/45179a.jpg
45179b	aoa	Mister Sinister	https://hallofheroeslcg.com/the-age-of-apocalypse/	https://hallofheroeslcg.com/wp-content/uploads/2024/04/45179b.jpg
45180a	aoa	The Shadow King	https://hallofheroeslcg.com/the-age-of-apocalypse/	https://hallofheroeslcg.com/wp-content/uploads/2024/04/45180a.jpg
45180b	aoa	The Shadow King	https://hallofheroeslcg.com/the-age-of-apocalypse/	https://hallofheroeslcg.com/wp-content/uploads/2024/04/45180b.jpg
45181a	aoa	Abyss	https://hallofheroeslcg.com/the-age-of-apocalypse/	https://hallofheroeslcg.com/wp-content/uploads/2024/04/45181a.jpg
45181b	aoa	Abyss	https://hallofheroeslcg.com/the-age-of-apocalypse/	https://hallofheroeslcg.com/wp-content/uploads/2024/04/45181b.jpg
45182a	aoa	Sugar Man	https://hallofheroeslcg.com/the-age-of-apocalypse/	https://hallofheroeslcg.com/wp-content/uploads/2024/04/45182a.jpg
45182b	aoa	Sugar Man	https://hallofheroeslcg.com/the-age-of-apocalypse/	https://hallofheroeslcg.com/wp-content/uploads/2024/04/45182b.jpg
45183a	aoa	Mikhail Rasputin	https://hallofheroeslcg.com/the-age-of-apocalypse/	https://hallofheroeslcg.com/wp-content/uploads/2024/04/45183a.jpg
45183b	aoa	Mikhail Rasputin	https://hallofheroeslcg.com/the-age-of-apocalypse/	https://hallofheroeslcg.com/wp-content/uploads/2024/04/45183b.jpg
45184a	aoa	Apocalypse	https://hallofheroeslcg.com/the-age-of-apocalypse/	https://hallofheroeslcg.com/wp-content/uploads/2024/04/45184a.jpg
45184b	aoa	Apocalypse	https://hallofheroeslcg.com/the-age-of-apocalypse/	https://hallofheroeslcg.com/wp-content/uploads/2024/04/45184b.jpg
45184c	aoa	Apocalypse	https://hallofheroeslcg.com/the-age-of-apocalypse/	https://hallofheroeslcg.com/wp-content/uploads/2024/04/45184c.jpg
45185a	aoa	Apocalypse	https://hallofheroeslcg.com/the-age-of-apocalypse/	https://hallofheroeslcg.com/wp-content/uploads/2024/04/45185a.jpg
45185b	aoa	Apocalypse	https://hallofheroeslcg.com/the-age-of-apocalypse/	https://hallofheroeslcg.com/wp-content/uploads/2024/04/45185b.jpg
45185c	aoa	Apocalypse	https://hallofheroeslcg.com/the-age-of-apocalypse/	https://hallofheroeslcg.com/wp-content/uploads/2024/04/45185c.jpg
45186a	aoa	Apocalypse	https://hallofheroeslcg.com/the-age-of-apocalypse/	https://hallofheroeslcg.com/wp-content/uploads/2024/04/45186a.jpg
45186b	aoa	Apocalypse	https://hallofheroeslcg.com/the-age-of-apocalypse/	https://hallofheroeslcg.com/wp-content/uploads/2024/04/45186b.jpg
45186c	aoa	Apocalypse	https://hallofheroeslcg.com/the-age-of-apocalypse/	https://hallofheroeslcg.com/wp-content/uploads/2024/04/45186c.jpg
47007a	jubilee	Firecracker	https://hallofheroeslcg.com/jubilee-jubilation-lee/	https://hallofheroeslcg.com/wp-content/uploads/2024/07/47007a.jpg
47007b	jubilee	Firecracker	https://hallofheroeslcg.com/jubilee-jubilation-lee/	https://hallofheroeslcg.com/wp-content/uploads/2024/07/47007b.jpg
47007c	jubilee	Firecracker	https://hallofheroeslcg.com/jubilee-jubilation-lee/	https://hallofheroeslcg.com/wp-content/uploads/2024/07/47007c.jpg
47008a	jubilee	Flash of Light	https://hallofheroeslcg.com/jubilee-jubilation-lee/	https://hallofheroeslcg.com/wp-content/uploads/2024/07/47008a.jpg
47008b	jubilee	Flash of Light	https://hallofheroeslcg.com/jubilee-jubilation-lee/	https://hallofheroeslcg.com/wp-content/uploads/2024/07/47008b.jpg
47008c	jubilee	Flash of Light	https://hallofheroeslcg.com/jubilee-jubilation-lee/	https://hallofheroeslcg.com/wp-content/uploads/2024/07/47008c.jpg
47010a	jubilee	Plasmoid Energy	https://hallofheroeslcg.com/jubilee-jubilation-lee/	https://hallofheroeslcg.com/wp-content/uploads/2024/07/47010a.jpg
47010b	jubilee	Plasmoid Energy	https://hallofheroeslcg.com/jubilee-jubilation-lee/	https://hallofheroeslcg.com/wp-content/uploads/2024/07/47010b.jpg
47010c	jubilee	Plasmoid Energy	https://hallofheroeslcg.com/jubilee-jubilation-lee/	https://hallofheroeslcg.com/wp-content/uploads/2024/07/47010c.jpg
50035a	aos	Assault	https://hallofheroeslcg.com/agents-of-shield/	https://hallofheroeslcg.com/wp-content/uploads/2025/03/50035a.jpg
50035b	aos	Stealth	https://hallofheroeslcg.com/agents-of-shield/	https://hallofheroeslcg.com/wp-content/uploads/2025/03/50035b.jpg
50067a	aos	The Widow's Web	https://hallofheroeslcg.com/agents-of-shield/	https://hallofheroeslcg.com/wp-content/uploads/2025/03/50067a.jpg
50067b	aos	The Widow's Web	https://hallofheroeslcg.com/agents-of-shield/	https://hallofheroeslcg.com/wp-content/uploads/2025/03/50067b.jpg
50086a	aos	Batroc	https://hallofheroeslcg.com/agents-of-shield/	https://hallofheroeslcg.com/wp-content/uploads/2025/03/50086a.jpg
50086b	aos	Batroc	https://hallofheroeslcg.com/agents-of-shield/	https://hallofheroeslcg.com/wp-content/uploads/2025/03/50086b.jpg
50087a	aos	Infiltrate A.I.M. Island Embassy	https://hallofheroeslcg.com/agents-of-shield/	https://hallofheroeslcg.com/wp-content/uploads/2025/03/50087a.jpg
50087b	aos	Infiltrate A.I.M. Island Embassy	https://hallofheroeslcg.com/agents-of-shield/	https://hallofheroeslcg.com/wp-content/uploads/2025/03/50087b.jpg
50088a	aos	Locate Missing Person	https://hallofheroeslcg.com/agents-of-shield/	https://hallofheroeslcg.com/wp-content/uploads/2025/03/50088a.jpg
50088b	aos	Locate Missing Person	https://hallofheroeslcg.com/agents-of-shield/	https://hallofheroeslcg.com/wp-content/uploads/2025/03/50088b.jpg
50089a	aos	Extract Captives	https://hallofheroeslcg.com/agents-of-shield/	https://hallofheroeslcg.com/wp-content/uploads/2025/03/50089a.jpg
50089b	aos	Extract Captives	https://hallofheroeslcg.com/agents-of-shield/	https://hallofheroeslcg.com/wp-content/uploads/2025/03/50089b.jpg
50090a	aos	Alert Level	https://hallofheroeslcg.com/agents-of-shield/	https://hallofheroeslcg.com/wp-content/uploads/2025/03/50090a.jpg
50090b	aos	Alert Level	https://hallofheroeslcg.com/agents-of-shield/	https://hallofheroeslcg.com/wp-content/uploads/2025/03/50090b.jpg
50103a	aos	M.O.D.O.K.	https://hallofheroeslcg.com/agents-of-shield/	https://hallofheroeslcg.com/wp-content/uploads/2025/03/50103a.jpg
50103b	aos	M.O.D.O.K.	https://hallofheroeslcg.com/agents-of-shield/	https://hallofheroeslcg.com/wp-content/uploads/2025/03/50103b.jpg
50104a	aos	Upgrading Adaptoids	https://hallofheroeslcg.com/agents-of-shield/	https://hallofheroeslcg.com/wp-content/uploads/2025/03/50104a.jpg
50104b	aos	Upgrading Adaptoids	https://hallofheroeslcg.com/agents-of-shield/	https://hallofheroeslcg.com/wp-content/uploads/2025/03/50104b.jpg
50105a	aos	Holding Cell	https://hallofheroeslcg.com/agents-of-shield/	https://hallofheroeslcg.com/wp-content/uploads/2025/03/50105a.jpg
50105b	aos	Flying Inhuman	https://hallofheroeslcg.com/agents-of-shield/	https://hallofheroeslcg.com/wp-content/uploads/2025/03/50105b.jpg
50106a	aos	Holding Cell	https://hallofheroeslcg.com/agents-of-shield/	https://hallofheroeslcg.com/wp-content/uploads/2025/03/50106a.jpg
50106b	aos	Psionic Inhuman	https://hallofheroeslcg.com/agents-of-shield/	https://hallofheroeslcg.com/wp-content/uploads/2025/03/50106b.jpg
50107a	aos	Holding Cell	https://hallofheroeslcg.com/agents-of-shield/	https://hallofheroeslcg.com/wp-content/uploads/2025/03/50107a.jpg
50107b	aos	Sarah Garza	https://hallofheroeslcg.com/agents-of-shield/	https://hallofheroeslcg.com/wp-content/uploads/2025/03/50107b.jpg
50108a	aos	Holding Cell	https://hallofheroeslcg.com/agents-of-shield/	https://hallofheroeslcg.com/wp-content/uploads/2025/03/50108a.jpg
50108b	aos	Strong Inhuman	https://hallofheroeslcg.com/agents-of-shield/	https://hallofheroeslcg.com/wp-content/uploads/2025/03/50108b.jpg
50129a	aos	Citizen V	https://hallofheroeslcg.com/agents-of-shield/	https://hallofheroeslcg.com/wp-content/uploads/2025/03/50129a.jpg
50129b	aos	Citizen V	https://hallofheroeslcg.com/agents-of-shield/	https://hallofheroeslcg.com/wp-content/uploads/2025/03/50129b.jpg
50130a	aos	Apprehending Rogue Agents	https://hallofheroeslcg.com/agents-of-shield/	https://hallofheroeslcg.com/wp-content/uploads/2025/03/50130a.jpg
50130b	aos	Apprehending Rogue Agents	https://hallofheroeslcg.com/agents-of-shield/	https://hallofheroeslcg.com/wp-content/uploads/2025/03/50130b.jpg
50131a	aos	Justice, Like Lightning	https://hallofheroeslcg.com/agents-of-shield/	https://hallofheroeslcg.com/wp-content/uploads/2025/03/50131a.jpg
50131b	aos	Thunderbolt Backup	https://hallofheroeslcg.com/agents-of-shield/	https://hallofheroeslcg.com/wp-content/uploads/2025/03/50131b.jpg
50165a	aos	Baron Zemo	https://hallofheroeslcg.com/agents-of-shield/	https://hallofheroeslcg.com/wp-content/uploads/2025/03/50165a.jpg
50165b	aos	Baron Zemo	https://hallofheroeslcg.com/agents-of-shield/	https://hallofheroeslcg.com/wp-content/uploads/2025/03/50165b.jpg
50166a	aos	Baron Zemo	https://hallofheroeslcg.com/agents-of-shield/	https://hallofheroeslcg.com/wp-content/uploads/2025/03/50166a.jpg
50166b	aos	Baron Zemo	https://hallofheroeslcg.com/agents-of-shield/	https://hallofheroeslcg.com/wp-content/uploads/2025/03/50166b.jpg
50167a	aos	Zemo's Manipulations	https://hallofheroeslcg.com/agents-of-shield/	https://hallofheroeslcg.com/wp-content/uploads/2025/03/50167a.jpg
50167b	aos	Zemo's Manipulations	https://hallofheroeslcg.com/agents-of-shield/	https://hallofheroeslcg.com/wp-content/uploads/2025/03/50167b.jpg
50168a	aos	The Accusation	https://hallofheroeslcg.com/agents-of-shield/	https://hallofheroeslcg.com/wp-content/uploads/2025/03/50168a.jpg
50168b	aos	The Accusation	https://hallofheroeslcg.com/agents-of-shield/	https://hallofheroeslcg.com/wp-content/uploads/2025/03/50168b.jpg
50169a	aos	Fighting Zemo	https://hallofheroeslcg.com/agents-of-shield/	https://hallofheroeslcg.com/wp-content/uploads/2025/03/50169a.jpg
50169b	aos	Fighting Zemo	https://hallofheroeslcg.com/agents-of-shield/	https://hallofheroeslcg.com/wp-content/uploads/2025/03/50169b.jpg
50181a	aos	Chief Medical Officer	https://hallofheroeslcg.com/agents-of-shield/	https://hallofheroeslcg.com/wp-content/uploads/2025/03/50181a.jpg
50181b	aos	Medical Officer's Aid	https://hallofheroeslcg.com/agents-of-shield/	https://hallofheroeslcg.com/wp-content/uploads/2025/03/50181b.jpg
50182a	aos	Chief Surveillance Officer	https://hallofheroeslcg.com/agents-of-shield/	https://hallofheroeslcg.com/wp-content/uploads/2025/03/50182a.jpg
50182b	aos	Surveillance Officer's Aid	https://hallofheroeslcg.com/agents-of-shield/	https://hallofheroeslcg.com/wp-content/uploads/2025/03/50182b.jpg
50183a	aos	Chief Tactical Officer	https://hallofheroeslcg.com/agents-of-shield/	https://hallofheroeslcg.com/wp-content/uploads/2025/03/50183a.jpg
50183b	aos	Tactical Officer's Aid	https://hallofheroeslcg.com/agents-of-shield/	https://hallofheroeslcg.com/wp-content/uploads/2025/03/50183b.jpg
50184a	aos	A.I.M. Interference ([energy])	https://hallofheroeslcg.com/agents-of-shield/	https://hallofheroeslcg.com/wp-content/uploads/2025/03/50184a.jpg
50184b	aos	A.I.M. Interference ([mental])	https://hallofheroeslcg.com/agents-of-shield/	https://hallofheroeslcg.com/wp-content/uploads/2025/03/50184b.jpg
50184c	aos	A.I.M. Interference ([physical])	https://hallofheroeslcg.com/agents-of-shield/	https://hallofheroeslcg.com/wp-content/uploads/2025/03/50184c.jpg
55004a	tt	Prime Real Estate	https://hallofheroeslcg.com/trickster-takeover/	https://hallofheroeslcg.com/wp-content/uploads/2025/08/55004a.jpg
55004b	tt	Prime Real Estate	https://hallofheroeslcg.com/trickster-takeover/	https://hallofheroeslcg.com/wp-content/uploads/2025/08/55004b.jpg
55005a	tt	Sovereign Sorceress	https://hallofheroeslcg.com/trickster-takeover/	https://hallofheroeslcg.com/wp-content/uploads/2025/08/55005a.jpg
55005b	tt	Sovereign Sorceress	https://hallofheroeslcg.com/trickster-takeover/	https://hallofheroeslcg.com/wp-content/uploads/2025/08/55005b.jpg
55007a	tt	Hypnotic Gaze	https://hallofheroeslcg.com/trickster-takeover/	https://hallofheroeslcg.com/wp-content/uploads/2025/08/55007a.jpg
55007b	tt	Trance of Envy	https://hallofheroeslcg.com/trickster-takeover/	https://hallofheroeslcg.com/wp-content/uploads/2025/08/55007b.jpg
55008a	tt	Hypnotic Gaze	https://hallofheroeslcg.com/trickster-takeover/	https://hallofheroeslcg.com/wp-content/uploads/2025/08/55008a.jpg
55008b	tt	Trance of Greed	https://hallofheroeslcg.com/trickster-takeover/	https://hallofheroeslcg.com/wp-content/uploads/2025/08/55008b.jpg
55009a	tt	Hypnotic Gaze	https://hallofheroeslcg.com/trickster-takeover/	https://hallofheroeslcg.com/wp-content/uploads/2025/08/55009a.jpg
55009b	tt	Trance of Pride	https://hallofheroeslcg.com/trickster-takeover/	https://hallofheroeslcg.com/wp-content/uploads/2025/08/55009b.jpg
55010a	tt	Hypnotic Gaze	https://hallofheroeslcg.com/trickster-takeover/	https://hallofheroeslcg.com/wp-content/uploads/2025/08/55010a.jpg
55010b	tt	Trance of Sloth	https://hallofheroeslcg.com/trickster-takeover/	https://hallofheroeslcg.com/wp-content/uploads/2025/08/55010b.jpg
55011a	tt	Hypnotic Gaze	https://hallofheroeslcg.com/trickster-takeover/	https://hallofheroeslcg.com/wp-content/uploads/2025/08/55011a.jpg
55011b	tt	Trance of Wrath	https://hallofheroeslcg.com/trickster-takeover/	https://hallofheroeslcg.com/wp-content/uploads/2025/08/55011b.jpg
55027a	tt	Loki, God of Lies	https://hallofheroeslcg.com/trickster-takeover/	https://hallofheroeslcg.com/wp-content/uploads/2025/08/55027a.jpg
55027b	tt	Loki, God of Lies	https://hallofheroeslcg.com/trickster-takeover/	https://hallofheroeslcg.com/wp-content/uploads/2025/08/55027b.jpg
55028a	tt	Worlds Collide	https://hallofheroeslcg.com/trickster-takeover/	https://hallofheroeslcg.com/wp-content/uploads/2025/08/55028a.jpg
55028b	tt	Worlds Collide	https://hallofheroeslcg.com/trickster-takeover/	https://hallofheroeslcg.com/wp-content/uploads/2025/08/55028b.jpg
55029a	tt	Loki the Rascal	https://hallofheroeslcg.com/trickster-takeover/	https://hallofheroeslcg.com/wp-content/uploads/2025/08/55029a.jpg
55029b	tt	Fading Figment	https://hallofheroeslcg.com/trickster-takeover/	https://hallofheroeslcg.com/wp-content/uploads/2025/08/55029b.jpg
55030a	tt	Loki the Miscreant	https://hallofheroeslcg.com/trickster-takeover/	https://hallofheroeslcg.com/wp-content/uploads/2025/08/55030a.jpg
55030b	tt	Fading Figment	https://hallofheroeslcg.com/trickster-takeover/	https://hallofheroeslcg.com/wp-content/uploads/2025/08/55030b.jpg
55031a	tt	Loki the Knave	https://hallofheroeslcg.com/trickster-takeover/	https://hallofheroeslcg.com/wp-content/uploads/2025/08/55031a.jpg
55031b	tt	Fading Figment	https://hallofheroeslcg.com/trickster-takeover/	https://hallofheroeslcg.com/wp-content/uploads/2025/08/55031b.jpg
55032a	tt	Loki the Wretch	https://hallofheroeslcg.com/trickster-takeover/	https://hallofheroeslcg.com/wp-content/uploads/2025/08/55032a.jpg
55032b	tt	Fading Figment	https://hallofheroeslcg.com/trickster-takeover/	https://hallofheroeslcg.com/wp-content/uploads/2025/08/55032b.jpg
55033a	tt	Mischief and Mayhem	https://hallofheroeslcg.com/trickster-takeover/	https://hallofheroeslcg.com/wp-content/uploads/2025/08/55033a.jpg
55033b	tt	Mischief and Mayhem	https://hallofheroeslcg.com/trickster-takeover/	https://hallofheroeslcg.com/wp-content/uploads/2025/08/55033b.jpg
55034a	tt	Intense Focus	https://hallofheroeslcg.com/trickster-takeover/	https://hallofheroeslcg.com/wp-content/uploads/2025/08/55034a.jpg
55034b	tt	Total Focus	https://hallofheroeslcg.com/trickster-takeover/	https://hallofheroeslcg.com/wp-content/uploads/2025/08/55034b.jpg
56063a	cw	Superhero Registration Act	https://hallofheroeslcg.com/civil-war/	https://hallofheroeslcg.com/wp-content/uploads/2025/11/56063a.jpg
56063b	cw	Cut Off Support	https://hallofheroeslcg.com/civil-war/	https://hallofheroeslcg.com/wp-content/uploads/2025/11/56063b.jpg
56064a	cw	Pro-Registration Tactics	https://hallofheroeslcg.com/civil-war/	https://hallofheroeslcg.com/wp-content/uploads/2025/11/56064a.jpg
56064b	cw	Negative Zone Prison	https://hallofheroeslcg.com/civil-war/	https://hallofheroeslcg.com/wp-content/uploads/2025/11/56064b.jpg
56096a	cw	Superhero Registration Act	https://hallofheroeslcg.com/civil-war/	https://hallofheroeslcg.com/wp-content/uploads/2025/11/56096a.jpg
56096b	cw	S.H.I.E.L.D. Recruits	https://hallofheroeslcg.com/civil-war/	https://hallofheroeslcg.com/wp-content/uploads/2025/11/56096b.jpg
56097a	cw	Pro-Registration Tactics	https://hallofheroeslcg.com/civil-war/	https://hallofheroeslcg.com/wp-content/uploads/2025/11/56097a.jpg
56097b	cw	Hunting Rebel Heroes	https://hallofheroeslcg.com/civil-war/	https://hallofheroeslcg.com/wp-content/uploads/2025/11/56097b.jpg
56121a	cw	Superhero Registration Act	https://hallofheroeslcg.com/civil-war/	https://hallofheroeslcg.com/wp-content/uploads/2025/11/56121a.jpg
56121b	cw	Homeland Security	https://hallofheroeslcg.com/civil-war/	https://hallofheroeslcg.com/wp-content/uploads/2025/11/56121b.jpg
56122a	cw	Superhero Registration Act	https://hallofheroeslcg.com/civil-war/	https://hallofheroeslcg.com/wp-content/uploads/2025/11/56122a.jpg
56122b	cw	Public Outrage	https://hallofheroeslcg.com/civil-war/	https://hallofheroeslcg.com/wp-content/uploads/2025/11/56122b.jpg
56123a	cw	Pro-Registration Tactics	https://hallofheroeslcg.com/civil-war/	https://hallofheroeslcg.com/wp-content/uploads/2025/11/56123a.jpg
56123b	cw	The Initiative	https://hallofheroeslcg.com/civil-war/	https://hallofheroeslcg.com/wp-content/uploads/2025/11/56123b.jpg
56124a	cw	Pro-Registration Tactics	https://hallofheroeslcg.com/civil-war/	https://hallofheroeslcg.com/wp-content/uploads/2025/11/56124a.jpg
56124b	cw	No Going Back	https://hallofheroeslcg.com/civil-war/	https://hallofheroeslcg.com/wp-content/uploads/2025/11/56124b.jpg
56128a	cw	Choosing Sides	https://hallofheroeslcg.com/civil-war/	https://hallofheroeslcg.com/wp-content/uploads/2025/11/56128a.jpg
56141a	cw	Superhero Resistance	https://hallofheroeslcg.com/civil-war/	https://hallofheroeslcg.com/wp-content/uploads/2025/11/56141a.jpg
56141b	cw	Gathering Support	https://hallofheroeslcg.com/civil-war/	https://hallofheroeslcg.com/wp-content/uploads/2025/11/56141b.jpg
56142a	cw	Resistance Tactics	https://hallofheroeslcg.com/civil-war/	https://hallofheroeslcg.com/wp-content/uploads/2025/11/56142a.jpg
56142b	cw	Secret Avengers	https://hallofheroeslcg.com/civil-war/	https://hallofheroeslcg.com/wp-content/uploads/2025/11/56142b.jpg
56172a	cw	Superhero Resistance	https://hallofheroeslcg.com/civil-war/	https://hallofheroeslcg.com/wp-content/uploads/2025/11/56172a.jpg
56172b	cw	Open Rebellion	https://hallofheroeslcg.com/civil-war/	https://hallofheroeslcg.com/wp-content/uploads/2025/11/56172b.jpg
56173a	cw	Resistance Tactics	https://hallofheroeslcg.com/civil-war/	https://hallofheroeslcg.com/wp-content/uploads/2025/11/56173a.jpg
56173b	cw	Neighborhood Protectors	https://hallofheroeslcg.com/civil-war/	https://hallofheroeslcg.com/wp-content/uploads/2025/11/56173b.jpg
56199a	cw	Superhero Resistance	https://hallofheroeslcg.com/civil-war/	https://hallofheroeslcg.com/wp-content/uploads/2025/11/56199a.jpg
56199b	cw	Rallying Call	https://hallofheroeslcg.com/civil-war/	https://hallofheroeslcg.com/wp-content/uploads/2025/11/56199b.jpg
56200a	cw	Superhero Resistance	https://hallofheroeslcg.com/civil-war/	https://hallofheroeslcg.com/wp-content/uploads/2025/11/56200a.jpg
56200b	cw	Going Underground	https://hallofheroeslcg.com/civil-war/	https://hallofheroeslcg.com/wp-content/uploads/2025/11/56200b.jpg
56201a	cw	Resistance Tactics	https://hallofheroeslcg.com/civil-war/	https://hallofheroeslcg.com/wp-content/uploads/2025/11/56201a.jpg
56201b	cw	Guerilla Warfare	https://hallofheroeslcg.com/civil-war/	https://hallofheroeslcg.com/wp-content/uploads/2025/11/56201b.jpg
56202a	cw	Resistance Tactics	https://hallofheroeslcg.com/civil-war/	https://hallofheroeslcg.com/wp-content/uploads/2025/11/56202a.jpg
56202b	cw	Superhero Jailbreak	https://hallofheroeslcg.com/civil-war/	https://hallofheroeslcg.com/wp-content/uploads/2025/11/56202b.jpg
56206b	cw	Now It's Personal	https://hallofheroeslcg.com/civil-war/	https://hallofheroeslcg.com/wp-content/uploads/2025/11/56206b.jpg
57046a	synthezoid	Dense	https://hallofheroeslcg.com/synthezoid-smackdown/	https://hallofheroeslcg.com/wp-content/uploads/2026/03/57046a.jpg
57046b	synthezoid	Intangible	https://hallofheroeslcg.com/synthezoid-smackdown/	https://hallofheroeslcg.com/wp-content/uploads/2026/03/57046b.jpg
60040a	fne	Photographic Reflexes	https://hallofheroeslcg.com/fear-no-evil/	https://hallofheroeslcg.com/wp-content/uploads/2026/08/60040a.jpg
60040b	fne	Photographic Reflexes	https://hallofheroeslcg.com/fear-no-evil/	https://hallofheroeslcg.com/wp-content/uploads/2026/08/60040b.jpg
60040c	fne	Photographic Reflexes	https://hallofheroeslcg.com/fear-no-evil/	https://hallofheroeslcg.com/wp-content/uploads/2026/08/60040c.jpg
61002	jj	Alias Investigations	https://hallofheroeslcg.com/jessica-jones/	https://hallofheroeslcg.com/wp-content/uploads/2026/05/mc61_cards_alias-investigations.png
61003	jj	Luke Cage	https://hallofheroeslcg.com/jessica-jones/	https://hallofheroeslcg.com/wp-content/uploads/2026/05/mc61_cards_luke-cage.png
61004	jj	"Big Mistake"	https://hallofheroeslcg.com/jessica-jones/	https://hallofheroeslcg.com/wp-content/uploads/2026/05/mc61_cards_big-mistake.png
61005	jj	Breakthrough	https://hallofheroeslcg.com/jessica-jones/	https://hallofheroeslcg.com/wp-content/uploads/2026/05/mc61_cards_breakthrough.png
61006	jj	Snooping Around	https://hallofheroeslcg.com/jessica-jones/	https://hallofheroeslcg.com/wp-content/uploads/2026/05/mc61_cards_snooping-around.png
61008	jj	Calling in Favors	https://hallofheroeslcg.com/jessica-jones/	https://hallofheroeslcg.com/wp-content/uploads/2026/05/mc61_cards_calling-in-favors.png
61009	jj	4K Digital Camcorder	https://hallofheroeslcg.com/jessica-jones/	https://hallofheroeslcg.com/wp-content/uploads/2026/05/mc61_cards_4k-digital-camcorder.png
61010	jj	Circumstantial Evidence	https://hallofheroeslcg.com/jessica-jones/	https://hallofheroeslcg.com/wp-content/uploads/2026/05/mc61_cards_circumstantial-evidence.png
61011	jj	Leather Jacket	https://hallofheroeslcg.com/jessica-jones/	https://hallofheroeslcg.com/wp-content/uploads/2026/05/mc61_cards_leather-jacket.png
61014	jj	Stakeout	https://hallofheroeslcg.com/jessica-jones/	https://hallofheroeslcg.com/wp-content/uploads/2026/05/mc61_cards_stakeout.png
61015	jj	Captain Marvel	https://hallofheroeslcg.com/jessica-jones/	https://hallofheroeslcg.com/wp-content/uploads/2026/05/mc61_cards_captain-marvel.png
61017	jj	Squirrel Girl	https://hallofheroeslcg.com/jessica-jones/	https://hallofheroeslcg.com/wp-content/uploads/2026/05/mc61_cards_squirrel-girl.png
61019	jj	Strategy Session	https://hallofheroeslcg.com/jessica-jones/	https://hallofheroeslcg.com/wp-content/uploads/2026/05/mc61_cards_strategy-session.png
61020	jj	Run Them to Ground	https://hallofheroeslcg.com/jessica-jones/	https://hallofheroeslcg.com/wp-content/uploads/2026/05/mc61_cards_run-them-to-ground.png
61023	jj	Grapnel Launcher	https://hallofheroeslcg.com/jessica-jones/	https://hallofheroeslcg.com/wp-content/uploads/2026/05/mc61_cards_grapnel-launcher.png
61024	jj	Entrapment	https://hallofheroeslcg.com/jessica-jones/	https://hallofheroeslcg.com/wp-content/uploads/2026/05/mc61_cards_entrapment.png
61026	jj	Joys of Life	https://hallofheroeslcg.com/jessica-jones/	https://hallofheroeslcg.com/wp-content/uploads/2026/05/mc61_cards_joys-of-life.png
61027	jj	Unbreakable Bond	https://hallofheroeslcg.com/jessica-jones/	https://hallofheroeslcg.com/wp-content/uploads/2026/05/mc61_cards_unbreakable-bond.png
61029	jj	Defend Our City	https://hallofheroeslcg.com/jessica-jones/	https://hallofheroeslcg.com/wp-content/uploads/2026/05/mc61_cards_defend-our-city.png
62002	luke_cage	Jessica Jones	https://hallofheroeslcg.com/luke-cage/	https://hallofheroeslcg.com/wp-content/uploads/2026/06/mc62_luke-cage_jessica-jones.png
62004	luke_cage	Knuckle Sandwich	https://hallofheroeslcg.com/luke-cage/	https://hallofheroeslcg.com/wp-content/uploads/2026/06/mc62_luke-cage_knuckle-sandwich.png
62005	luke_cage	"Stand with Me!"	https://hallofheroeslcg.com/luke-cage/	https://hallofheroeslcg.com/wp-content/uploads/2026/06/mc62_luke-cage_stand-with-me.png
62006	luke_cage	"Sweet Christmas!"	https://hallofheroeslcg.com/luke-cage/	https://hallofheroeslcg.com/wp-content/uploads/2026/06/mc62_luke-cage_sweet-christmas.png
62011	luke_cage	Power Man	https://hallofheroeslcg.com/luke-cage/	https://hallofheroeslcg.com/wp-content/uploads/2026/06/mc62_luke-cage_power-man.png
62013	luke_cage	Misty Knight	https://hallofheroeslcg.com/luke-cage/	https://hallofheroeslcg.com/wp-content/uploads/2026/06/mc62_luke-cage_misty-knight.png
62015	luke_cage	Take a Stand	https://hallofheroeslcg.com/luke-cage/	https://hallofheroeslcg.com/wp-content/uploads/2026/06/mc62_luke-cage_take-a-stand.png
62018	luke_cage	Defensive Formation	https://hallofheroeslcg.com/luke-cage/	https://hallofheroeslcg.com/wp-content/uploads/2026/06/mc62_luke-cage_defensive-formation.png
62019	luke_cage	Righteous Purpose	https://hallofheroeslcg.com/luke-cage/	https://hallofheroeslcg.com/wp-content/uploads/2026/06/mc62_luke-cage_righteous-purpose.png
62022	luke_cage	Dynamic Duo	https://hallofheroeslcg.com/luke-cage/	https://hallofheroeslcg.com/wp-content/uploads/2026/06/mc62_luke-cage_dynamic-duo.png
